Petrobras PN;;;;;;;;;;Economatica
;;;;;;;;;;
;;;;;;;;;;
Data;"Fechamento
ajust p/ prov
USD>C100
AGG";"Fechamento
ajust p/ prov
CZRE>C100
IPCA+7%";"Fechamento
ajust p/ prov
CZRE>C100
CDI Acumulado";"Fechamento
ajust p/ prov
CZRE>C100
IBXX";"Fechamento
ajust p/ prov
CZRE>C100
IDA DI";"Fechamento
ajust p/ prov
CZRE>C100
IMA-B 5";"Fechamento
ajust p/ prov
CZRE>C100
IMA-B";"Fechamento
ajust p/ prov
CZRE>C100
IFIX";"Fechamento
ajust p/ prov
CZRE>C100
IRF-M";"Fechamento
ajust p/ prov
USD>C100
S&P 500"
Nov-2004;100;100;100;100;-;100;100;-;100;100
Dez-2004;100,7973132;101,4302767;101,4798753;107,679558;-;101,4639727;101,5070886;-;101,4851548;103,2458128
Jan-2005;101,2894875;102,5678581;102,8831263;103,4254144;-;102,7650528;102,7334247;-;102,5547586;100,6346799
Fev-2005;100,9133211;103,6728253;104,1340991;118,8674033;-;102,1376652;103,2958078;-;103,9476948;102,536164
Mar-2005;99,93015802;104,9231531;105,7189945;112,1132597;-;103,1832799;104,3080498;-;105,2773199;100,5758975
Abr-2005;101,6518414;106,4058239;107,2075394;103,4944751;-;104,5572839;105,730375;-;106,7757122;98,5534409
Mai-2005;102,493076;107,5317942;108,8161239;105,1381215;-;105,9483918;107,2651946;-;108,5202287;101,5061935
Jun-2005;103,3911731;108,1471987;110,5402636;107,2513812;-;106,246138;107,8183853;-;110,4234536;101,4917108
Jul-2005;102,3206093;109,0305758;112,2091681;112,0718232;-;106,6528222;108,6064172;-;111,8214965;105,1421853
Ago-2005;103,5295445;109,8924439;114,0638218;123,1353591;-;107,8504442;109,7594864;-;113,5167255;103,962277
Set-2005;102,5599965;110,9005897;115,7743961;137,859116;-;108,212693;110,3847119;-;115,4970275;104,6847046
Out-2005;101,5436481;112,333931;117,3990745;132,1270718;-;108,9786166;111,3755186;-;117,0450138;102,8275204
Nov-2005;101,9240071;113,5599199;119,0148795;140,8149171;-;111,4351068;113,5406233;-;119,219842;106,445622
Dez-2005;103,0799993;114,6131315;120,7606251;147,8729282;-;113,6935431;115,6104498;-;121,3161542;106,3442436
Jan-2006;103,018514;115,9412119;122,4822093;174,9861879;-;117,0815951;118,7172273;-;123,4972658;109,0524953
Fev-2006;103,1841105;116,9805457;123,878593;172,9972376;-;120,7410311;125,0092345;-;125,5053782;109,1019066
Mar-2006;102,2890299;118,2112908;125,6356122;168,1077348;-;121,2118174;124,5293989;-;127,2340066;110,3090763
Abr-2006;102,1366799;119,0334066;126,9866386;177,2928177;-;122,0572806;125,0970743;-;128,6141894;111,6525532
Mai-2006;101,933811;119,8583213;128,6097866;164,0607735;-;119,9109641;120,8636274;-;129,0827869;108,2005759
Jun-2006;101,7698346;120,2828926;130,130171;163,3977901;-;122,2345951;123,020672;-;131,4256886;108,2107989
Jul-2006;103,1833628;121,1928188;131,6487457;166,1325967;-;125,1417722;127,2138015;-;133,4634118;108,7611388
Ago-2006;104,8249713;122,0044953;133,2960945;163,6187845;-;127,5173353;130,032977;-;135,7487928;111,0749519
Set-2006;105,8853044;122,9189783;134,6999328;163,6049724;-;128,3838106;130,7898987;-;137,5543288;113,8036496
Out-2006;106,6114042;124,0219077;136,1683226;175,2486188;-;131,8396696;134,4001262;-;139,6812854;117,3893783
Nov-2006;107,7435267;125,0426229;137,5535436;188,1767956;-;134,0458645;137,1673656;-;141,4094904;119,3223833
Dez-2006;107,0965487;126,2854002;138,9074903;201,2016575;-;137,3455987;141,1447762;-;143,5138026;120,8277249
Jan-2007;107,0213555;127,5582337;140,4054679;203,0801105;-;139,3447106;143,2201507;-;145,0064841;122,5264521
Fev-2007;108,771667;128,7401598;141,6266967;197,6933702;-;140,8390041;145,1992276;-;146,644449;119,8497214
Mar-2007;108,5486367;129,9820012;143,1117339;206,1049724;-;142,7989002;148,3514629;-;148,6789614;121,0458162
Abr-2007;109,188814;131,0085518;144,4578744;218,0662983;-;146,1704996;154,7735105;-;151,3307836;126,2859723
Mai-2007;108,1872419;132,1536678;145,9344113;232,1685083;-;148,2692345;158,7923808;-;153,519928;130,3964833
Jun-2007;107,7796167;133,2372291;147,2499731;241,6022099;-;149,9687797;159,5396582;-;154,3616995;128,0732991
Jul-2007;108,936218;134,3121487;148,6755669;244,4337017;-;150,3091986;158,0182138;-;155,066265;123,9772708
Ago-2007;110,3288685;135,7792958;150,1442121;246,7679558;-;151,1882289;157,1121407;-;155,1550543;125,5695081
Set-2007;111,0282064;136,7193623;151,3462131;274,5718232;-;153,2288899;160,9962252;-;157,3240901;130,0667905
Out-2007;112,1428355;137,9419013;152,7447688;298,5359116;-;153,3956321;160,6005423;-;158,2365709;131,994684
Nov-2007;114,1541604;139,1742345;154,0275752;290,2762431;-;154,5113191;159,8241104;-;158,4594394;126,1811862
Dez-2007;114,1593182;140,883337;155,3205447;297,4309392;-;155,4395827;160,966587;-;158,915189;125,0924333
Jan-2008;116,7997532;142,4449829;156,7525228;271,6850829;-;157,5604574;163,1869533;-;160,6560245;117,4413454
Fev-2008;116,6184751;143,875037;157,9987434;290,5248619;-;159,8547755;166,7193222;-;162,7567657;113,3589477
Mar-2008;116,7663093;145,3440038;159,3236255;277,3066298;-;158,6474269;163,3874267;-;162,6893621;112,6833756
Abr-2008;117,1545407;146,9697119;160,7540691;310,0966851;-;161,4842417;167,5882833;-;163,5432566;118,0410966
Mai-2008;115,6767921;148,9283352;162,1545904;332,5966851;-;162,3279233;169,6541128;-;164,633739;119,3010853
Jun-2008;115,4582953;150,8843452;163,6921793;299,640884;-;163,6351692;169,9546826;-;164,3090761;109,0456799
Jul-2008;115,9084926;152,5826373;165,4342628;267,4861879;-;165,3968982;171,4235807;-;167,7572116;107,9705577
Ago-2008;116,7661297;153,8750087;167,109817;251,8093923;-;167,0657871;172,3827813;-;170,0208138;109,2859212
Set-2008;114,7067828;155,1890379;168,9455559;228,3425414;-;166,6245233;169,5097091;-;171,5321667;99,22645721
Out-2008;112,0902534;156,8530018;170,9287414;171,0082873;-;165,6766875;163,0099255;-;168,4210061;82,52968939
Nov-2008;115,4801742;158,222751;172,630904;167,1546961;-;169,4523113;168,4820409;-;172,7785636;76,35242201
Dez-2008;123,1749437;159,5200588;174,5489278;173,1906077;-;176,8798468;178,7203778;-;180,9768002;76,94961749
Jan-2009;120,7279942;161,1920336;176,3691043;179,2679558;100;181,7751472;186,4322789;-;184,4428311;70,35831729
Fev-2009;119,4585469;162,8637721;177,8730276;177,5690608;101,0524162;184,6502244;188,9580645;-;186,8659448;62,62374129
Mar-2009;120,7797804;164,1562643;179,5922469;190,7044199;102,3773975;187,5683126;192,0196843;-;190,2656051;67,97209112
Abr-2009;121,4008789;165,8323027;181,0929312;215,8287293;103,4023851;188,6799899;191,6352518;-;190,7797824;74,35637491
Mai-2009;122,262456;167,5087818;182,4809927;239,6270718;104,4651381;192,7468896;200,2836492;-;194,1899822;78,30331737
Jun-2009;122,7792949;169,0623425;183,8522162;230,1104972;105,488767;193,5750624;201,2186777;-;194,8922454;78,31865192
Jul-2009;124,3349897;170,472052;185,2937683;241,5607735;107,0951497;196,2314924;203,7728193;-;196,7820917;84,12533438
Ago-2009;125,8472865;171,6930801;186,5750017;246,1740332;108,0577319;197,5470228;207,2224683;-;198,3587626;86,94859519
Set-2009;127,3401224;173,0782504;187,8652324;270,3453039;109,0581311;198,8271681;209,0732339;-;199,3457051;90,0538413
Out-2009;127,6201782;174,5442196;189,1637631;271,2983425;110,1605839;199,8501299;206,725886;-;200,3999961;88,27418173
Nov-2009;129,2568041;176,156179;190,410383;294,2541437;111,0943201;201,3339787;208,8768764;-;201,7911012;93,33884241
Dez-2009;126,8191205;177,7599228;191,7887235;299,3370166;112,2464427;203,3557421;212,5887845;-;203,5485047;94,99752943
Jan-2010;128,6134408;180,0090549;193,0510907;286,7127072;113,1592615;205,8050944;215,105003;-;205,7835007;91,48506585
Fev-2010;128,8686384;182,2919736;194,1949264;289,9723757;113,9829893;208,3633173;218,878128;-;207,6448773;94,09364298
Mar-2010;128,8599818;184,3749347;195,6648555;305,0828729;115,0547237;211,3330089;223,1956018;-;210,1384801;99,6260074
Abr-2010;130,1141086;186,4242378;196,9639924;293,7845304;115,8733958;211,6956912;224,7082753;-;210,554976;101,0955683
Mai-2010;131,5225231;188,2844642;198,4414075;276,2016575;116,9050116;213,3547855;223,9358169;-;212,9950633;92,80894856
Jun-2010;133,8437291;189,3490514;200,0107388;263,1906077;117,9470711;215,3489966;226,7906717;-;215,0892257;87,80818183
Jul-2010;134,9889763;190,4387004;201,7292574;292,140884;119,1411205;218,2547127;230,3772159;-;218,5021488;93,84743828
Ago-2010;136,7208914;191,6435221;203,5171846;282,2513812;120,3713644;220,4141222;234,9833983;-;221,5478883;89,39445571
Set-2010;136,7315644;193,5943739;205,2360177;301,8232044;121,5657031;222,024726;236,2010738;-;222,6051668;97,221039
Out-2010;136,9460354;196,096496;206,8895307;306,878453;122,6827929;225,6270946;240,9124634;-;224,8192267;100,8042119
Nov-2010;135,8020965;198,7886784;208,556292;296,878453;123,7702118;226,7236793;243,0132414;-;225,0909276;100,5733417
Dez-2010;134,8846995;201,1721078;210,4899226;307,1685083;125,0546259;229,863259;248,8227614;100;227,7035834;107,1407882
Jan-2011;134,769904;203,9339726;212,3013819;296,4364641;126,2442217;231,6795149;248,0483202;100,564;227,528888;109,5670546
Fev-2011;135,1615681;206,672245;214,0898701;302,3618785;127,4448732;233,492454;249,6421477;100,048;230,4228014;112,8213866
Mar-2011;134,8665115;209,4827428;216,0570355;309,1850829;128,7760704;237,6588895;253,5327053;102,825;232,3159595;112,9500264
Abr-2011;136,9809618;212,1753631;217,869322;297,8038674;129,9633952;239,3988589;254,9241454;104,639;234,8001933;116,1685778
Mai-2011;138,6794077;214,435461;220,0159173;291,0359116;131,3853776;241,5572249;258,7268186;104,06;237,7813919;114,6001942
Jun-2011;138,0616559;215,9713826;222,1119366;286,5331492;132,7709656;243,1458359;257,9463535;105,61;239,6725996;112,5078803
Jul-2011;140,3896448;217,5400241;224,258867;272,1685083;134,2528407;246,208991;259,6844002;108,451;241,4069272;110,0918369
Ago-2011;142,5242243;219,6974152;226,6637858;260,8287293;135,8851968;255,8241931;273,7757745;109,291;249,1861717;103,8396006
Set-2011;143,6226092;222,1105963;228,7939479;248,9640884;137,2900414;260,0828101;275,5737867;111,117;252,9264423;96,38786185
Out-2011;143,8048086;224,2666997;230,8090304;270,9668508;138,6419951;261,8557636;279,8586543;110,717;255,3343962;106,7710552
Nov-2011;143,3285772;226,6466566;232,7907923;268,0939227;139,9892319;265,552242;285,5226885;112,357;259,8351608;106,2309383
Dez-2011;145,2728946;229,0677909;234,8967692;272,1823204;141,4041899;265,923995;286,4155239;116,509;260,617832;107,1373805
Jan-2012;146,327029;231,6530063;236,9763109;293,7430939;142,7286023;270,8530209;291,0883356;120,043;263,9879751;111,8067506
Fev-2012;146,3071594;233,8855142;238,7337088;305,0552486;143,9337246;274,8157541;297,4145841;125,623;266,8152105;116,3449251
Mar-2012;145,4684336;235,7651649;240,6633824;304,3508287;145,2754905;277,9044431;303,104502;130,73;269,8679171;119,9902881
Abr-2012;146,7866319;238,5515872;242,3478033;296,8093923;146,4682201;282,6606538;316,5019144;132,605;274,5573209;119,0906613
Mai-2012;148,3698282;240,8286841;244,1229602;271,2707182;147,6920032;284,6347908;322,7243077;137,146;278,5867336;111,6295514
Jun-2012;148,341005;242,3190485;245,6818912;273,660221;148,7715306;286,8804213;321,1118586;142,497;282,1856122;116,0450495
Jul-2012;150,3619056;244,7370194;247,3412636;282,1546961;149,9375329;291,6676601;330,3602307;151,195;285,5367798;117,5069431
Ago-2012;150,3620273;247,2626307;249,0393994;281,7265193;151,1754128;293,5092337;336,3348979;150,551;287,5084548;119,8292754
Set-2012;150,7595973;249,9438069;250,3771947;289,5718232;152,1269652;298,365973;341,1616138;153,2;289,1908889;122,7334685
Out-2012;150,6910308;252,9079258;251,8976982;286,4779006;153,2097703;303,7653135;354,1109442;150;293,95312;120,3046464
Nov-2012;151,0983853;255,7265756;253,2692626;289,7790055;154,1793256;306,8328808;355,9921528;150,6;295,0936478;120,647118
Dez-2012;150,7288606;258,9954589;254,6223221;303,6187845;155,1538576;311,0885154;362,8229335;157,3;297,8743061;121,4998893
Jan-2013;149,7925722;262,6998117;256,1160257;304,3093923;156,2069946;311,8098597;364,7758263;161,3;297,9078336;127,6268934
Fev-2013;150,6782498;265,5562852;257,3494193;295,5110497;157,0623434;310,2381388;361,5769402;159,7;298,022934;129,0385238
Mar-2013;150,827384;268,2409219;258,733211;297,3895028;158,0449979;312,2794085;354,7674082;157,9;298,4436746;133,6823363
Abr-2013;152,2887043;271,3140963;260,2877899;299,7237569;159,1506447;315,153085;360,3792386;154,9;302,4836672;136,1000835
Mai-2013;149,240643;273,8576844;261,8101055;297,0994475;160,2155147;311,404802;344,1055249;154,9;299,8568345;138,9259001
Jun-2013;146,9046616;276,048047;263,359874;270,1657459;161,2420484;309,4325487;334,5042521;143,7;296,9296019;136,8421053
Jul-2013;147,2994406;277,7667122;265,226553;274,8618785;162,4535531;312,1333462;338,82254;142,7;300,8937154;143,6106047
Ago-2013;146,0815924;280,0828441;267,0719686;280;163,7078606;310,7594768;329,9681893;137,5;297,6151994;139,1158781
Set-2013;147,7188436;282,6523066;268,9391905;293,9364641;164,9705759;314,5219289;331,2426125;140;302,2097529;143,2545024
Out-2013;148,9470984;286,0242385;271,0997644;309,6961326;166,4485546;316,0501777;334,2580198;142,3;304,4401725;149,6430458
Nov-2013;148,5753875;289,0394775;273,0259822;303,4530387;167,7811517;316,0320884;322,2691889;141,1;303,1133615;153,8404525
Dez-2013;147,7479575;293,1904689;275,1566223;294,1160221;169,2157423;319,7294579;326,475182;137,4;305,648391;157,4653695
Jan-2014;150,0246338;296,5494837;277,4673182;270,1519337;170,76736;317,203143;318,14793;128,2;305,1051172;151,8622958
Fev-2014;150,5889019;300,2033672;279,6389793;269,2955801;172,2098699;326,2966093;332,2706247;133;311,7559994;158,4101481
Mar-2014;150,3659907;304,5146881;281,7640919;287,859116;173,6694279;329,2328357;334,6293916;133,6;313,7084358;159,5082721
Abr-2014;151,6014187;308,2054822;284,0617505;295,6629834;175,2458065;333,5665616;342,7225097;135;317,721061;160,4973505
Mai-2014;153,3893806;311,3738819;286,4998544;292,3618785;176,9248861;338,463135;357,3412456;136,9;323,5545423;163,8726551
Jun-2014;153,3011582;314,2182003;288,8417228;302,9558011;178,5269394;342,2178064;357,5523524;138,7;326,5288588;166,9957915
Jul-2014;152,9159162;316,1112959;291,5580689;316,4779006;180,3735494;345,1487147;361,5814767;140,9;330,2343694;164,4775179
Ago-2014;154,6739179;318,6933819;294,0640937;346,8232044;182,1108287;349,8177398;379,006482;141,3;335,4889208;170,6709717
Set-2014;153,7224364;322,4086948;296,7123875;307,8176796;183,9540294;349,8293665;365,6144102;142,1;333,0112023;168,0232063
Out-2014;155,3581668;325,7682953;299,515722;310,7320442;185,8899564;353,1081232;373,2201712;140,2;336,8001438;171,9215893
Nov-2014;156,3788652;329,104281;302,0252315;311,698895;187,5974649;356,8044451;381,2244315;136,1;340,701612;176,1394422
Dez-2014;156,4790194;333,4570713;304,9121102;285,9392265;189,5627745;356,9506575;373,957158;133,6;340,4980994;175,40168
Jan-2015;159,6904486;339,500733;307,7457991;269,1298343;191,4600755;364,281713;385,614796;137,2;346,5785399;169,9570633
Fev-2015;158,2617266;345,3074039;310,2647749;294,2265193;193,1573532;368,7295816;387,7099393;136,9;347,5833783;179,2864323
Mar-2015;158,8543046;351,9381299;313,4795025;292,7348066;195,2705418;372,5253705;386,6105299;134,7;347,467351;176,1675555
Abr-2015;158,3411656;356,3452416;316,4521498;319,4198895;197,2288904;374,2379039;396,039513;139,7;351,2630972;177,6686374
Mai-2015;157,6486705;360,9150199;319,565548;301,9475138;199,3482594;380,3429776;406,2233131;141,7;356,9879524;179,532637
Jun-2015;155,9517256;365,8230359;322,9715721;304,2541437;201,666274;383,564252;405,1358428;146;358,1370059;175,76119
Jul-2015;157,2969043;370,2717792;326,773968;293,7845304;204,2769147;390,3951394;402,1978644;147;362,5518534;179,237021
Ago-2015;156,7684714;373,1845534;330,3929502;269,5441989;206,7308516;388,5654855;389,6724999;145,8;359,4852575;168,0138352
Set-2015;158,041093;377,321184;334,052011;261,1740332;209,1926521;391,6330431;387,0040938;140;356,1108244;163,5710756
Out-2015;158,1495595;382,5661406;337,7524171;264,7237569;211,6488207;401,3801165;396,9707383;143;359,3849437;177,144707
Nov-2015;157,5336854;388,4063704;341,3163004;260,3314917;213,75282;403,5682415;401,0659538;145,2;362,7089697;177,2341586
Dez-2015;156,9975238;394,2463962;345,2800172;250,4558011;216,3171365;412,1245659;407,1702843;140,9;364,7587156;174,1272086
Jan-2016;158,9452757;401,2952192;348,9224781;234,7928177;217,8219994;424,3683318;414,9541083;132,2;374,9489953;165,2928047
Fev-2016;160,3552659;406,9776835;352,416887;247,2237569;219,3825736;430,8961002;424,3341537;136,1;380,7198054;164,6104173
Mar-2016;161,7571456;411,1490665;356,5067904;285,3314917;222,3237265;434,1636515;446,8708821;148,5;393,751441;175,4732412
Abr-2016;162,1688679;415,8842787;360,2660568;305,7044199;225,1718512;440,849489;464,4162102;155,4;407,3770691;175,9469084
Mai-2016;162,1911249;421,4979877;364,2559574;276,9475138;228,2496833;444,3700384;463,9600165;161,2;408,4396223;178,6432332
Jun-2016;165,3226813;425,479003;368,4832559;294,8895028;231,475085;448,5388032;472,911014;163,8;417,1543611;178,8059498
Jul-2016;166,2308708;430,1097236;372,5641602;328,2458564;234,5191588;453,9519926;484,7688923;173,5;422,6638179;185,1731952
Ago-2016;165,8723628;434,6781577;377,0855985;331,9198895;238,0650967;458,9173683;489,0663712;176,7;426,7890152;184,9474366
Set-2016;165,957355;437,4856;381,2617724;333,9226519;241,178338;465,3854924;496,7473545;181,6;435,1538629;184,7191222
Out-2016;164,6014267;440,9846865;385,2552537;369,8342541;244,2383997;467,5231991;499,9344095;188,5;440,451011;181,1308378
Nov-2016;160,3782513;444,1570724;389,2499187;351,339779;246,8885856;469,3813163;493,8343984;183,7;441,8704692;187,320884
Dez-2016;160,78519;448,0084063;393,6163769;342,3756906;250,38954;475,9276758;508,1916892;186,4;450,0076608;190,7302653
Jan-2017;161,1274127;452,2535687;397,8854044;367,0441989;253,7730291;481,4313263;517,6788282;193,4;460,2869563;194,1413505
Fev-2017;162,1681545;455,9441586;401,3223873;379,1712707;256,4066169;488,614836;537,6045651;202,8;469,554194;201,363071
Mar-2017;162,0789371;459,9153345;405,5379399;370,2486188;259,7033326;495,4111399;543,2214696;203,2;476,6171182;201,2846944
Abr-2017;163,5496081;462,7903754;408,7226106;373,4944751;262,0150797;498,9277073;541,4729337;203,5;479,1656942;203,1146172
Mai-2017;164,6735471;466,9751812;412,5055628;359,8342541;264,8376889;499,3482447;535,0388905;205,6;480,6125804;205,4659147
Jun-2017;164,643705;468,535411;415,8390148;360,9116022;267,1880711;501,9678959;535,9188261;207,4;487,1083549;206,4549931
Jul-2017;165,193851;472,3154214;419,1538889;378,6325967;269,7123473;516,2558465;557,3426784;206,6;498,3446032;210,4496431
Ago-2017;166,7486291;476,1440428;422,5132068;406,4627072;272,1826854;522,7328654;564,826759;208,4;503,6136799;210,5646522
Set-2017;165,7951353;479,4736188;425,207653;425,5330111;274,1319507;527,994852;575,0546936;222,105;511,0616561;214,6291595
Out-2017;165,9577776;484,2098078;427,9423733;424,985221;276,0757526;530,5500137;572,8593558;222,626;511,5857171;219,3913888
Nov-2017;165,7116681;488,0489139;430,3707422;410,626105;277,7624178;531,0951137;568,5018265;221,308;512,0268098;225,5524697
Dez-2017;166,6518094;492,703331;432,6846648;436,6850829;279,3453562;535,7884247;573,2100858;222,646;518,4014116;227,7700159
Jan-2018;164,7769194;496,9260657;435,2088864;483,6040055;281,3124286;542,9335241;592,7066051;228,523;525,1328869;240,5658449
Fev-2018;163,114502;500,9312697;437,232291;485,6178177;282,8198624;545,8607853;595,9581935;231,141;530,9214077;231,1964356
Mar-2018;164,2093165;504,2169952;439,5564291;486,0009669;284,6058223;554,7047851;601,5335244;235,754;537,9476406;224,9808318
Abr-2018;162,6645618;508,1834608;441,8311897;489,9733425;286,3598122;557,0428473;600,6684723;233,725;540,4556971;225,5925099
Mai-2018;163,7412985;513,1010311;444,1177226;436,5266575;288,0872272;548,3678307;581,7058187;221,411;530,4392752;230,4706003
Jun-2018;163,9097669;522,5038065;446,4160893;413,8504144;289,0848499;550,8336753;579,8439563;212,522;530,673735;231,583207
Jul-2018;163,8621239;527,1921308;448,8366602;450,4174033;291,0709812;558,9666841;593,268812;215,445;538,4982104;239,9252015
Ago-2018;164,7932998;529,980305;451,3812916;436,3399171;292,9858312;557,5377095;590,6127825;213,94;533,489078;247,1861103
Set-2018;163,7727065;535,2476889;453,4942558;450,431768;294,5979847;562,4744589;589,730588;213,481;540,4017895;248,2476019
Out-2018;162,7172226;540,8414796;455,9569474;497,3662983;296,4901566;579,9026618;631,8336369;224,245;559,8253275;231,0183844
Nov-2018;163,5692864;542,465919;458,207361;510,6051105;298,183956;580,7307494;637,5482163;230,048;565,3650183;235,14423
Dez-2018;166,8099004;545,9115127;460,4688807;504,0252762;299,9840842;588,6465589;648,0640901;235,159;574,0371064;213,5634084
Jan-2019;168,3293445;550,75497;462,969447;558,0236188;301,947558;597,709394;676,3592418;240,969;582,0019129;230,367518
Fev-2019;168,1382994;556,1013296;465,2544717;548,1870166;303,7250854;600,9744247;680,0557049;243,456;583,7080153;237,2160979
Mar-2019;171,7069369;563,1374783;467,4356903;547,5600829;305,3329825;605,688878;683,9992224;248,293;587,1346534;241,4680275
Abr-2019;171,362799;569,5495722;469,8584117;553,3470995;307,1891368;612,3853508;694,2955438;250,845;590,6919615;250,9609651
Mai-2019;174,6377568;573,668491;472,4099688;559,6622928;308,9612136;620,8694247;719,7345195;255,269;601,1431809;234,4533233
Jun-2019;176,5565467;576,6600529;474,6247355;582,598895;310,4669415;631,5233569;746,6126667;262,61;614,1083507;250,6142339
Jul-2019;176,8775039;581,1784397;477,3196639;589,4017956;312,346616;637,6747699;756,2234229;265,955;620,784102;253,9043465
Ago-2019;181,80031;585,2645326;479,7144313;588,4360497;313,9427949;637,9922154;753,1843132;265,669;622,3964932;249,3107972
Set-2019;180,6880288;588,3382739;481,9391392;607,343232;315,4147704;649,0896628;774,7347901;268,426;631,3599526;253,5916921
Out-2019;181,0645278;592,5746001;484,2489208;620,7164365;315,6128667;659,8128683;800,7867784;279,198;642,0710512;258,7756215
Nov-2019;181,0025658;598,6427796;486,0909217;626,7259669;315,3967712;657,9512687;781,1309693;289,026;639,1184076;267,5861716
Dez-2019;180,9166206;608,6240074;487,9122901;672,3124309;316,762208;666,0781612;796,7971616;319,758;643,0947472;275,2364076
Jan-2020;184,5874393;613,5152917;489,7498831;663,8830111;318,3543386;669,7848386;798,8796477;307,728;648,7352547;274,788298
Fev-2020;187,5132805;618,0286589;491,1884122;609,3085635;319,3355591;674,0848908;802,4698547;296,381;652,95601;251,6748735
Mar-2020;186,5254844;622,125159;492,8504461;425,9744475;303,7918359;662,255831;746,5204645;249,41;652,2588325;220,1862296
Abr-2020;189,7314436;623,5358191;494,2547059;469,7074586;305,2753746;665,4887685;756,3314326;260,362;659,7545857;248,1155543
Mai-2020;191,0080184;624,5108526;495,4201951;509,7133978;307,6517814;679,5997613;767,8153658;265,768;669,1125737;259,3506671
Jun-2020;192,266267;629,6748367;496,4721103;555,428453;310,777912;687,1901407;783,541637;280,628;674,3695519;264,1197117
Jul-2020;194,8293336;635,8561022;497,4369492;602,165884;315,3346895;693,9914431;817,9083535;273,312;681,6781865;278,6730504
Ago-2020;193,2252992;640,9860084;498,2323151;581,8407459;318,0287647;696,9504371;803,2067087;278,21;676,5650961;298,1981905
Set-2020;193,0376279;648,7357419;499,0143957;555,1878453;319,7019756;696,0894123;791,0637768;279,488;672,7742788;286,5004856
Out-2020;191,9594024;658,0144607;499,7977035;552,1504144;320,6974027;697,4881886;792,7404699;276,676;670,5665335;278,5742277
Nov-2020;194,2759885;667,4451871;500,5448551;637,5016575;322,0107024;706,6938762;808,5932655;280,856;672,9938532;308,5336764
Dez-2020;194,4429431;680,0978544;501,3680124;695,8468232;323,5540688;719,6238171;847,8368338;287,015;686,1475794;319,9868804
Jan-2021;192,9951912;685,2850058;502,1175101;674,7825967;324,7624231;720,3859171;840,6179566;287,945;680,6408218;316,4233017
Fev-2021;190,0652126;694,5268415;502,7930163;651,4823204;326,4168501;716,0877016;827,8675395;288,653;672,6169649;324,6792524
Mar-2021;187,8859501;705,3280581;503,8040725;690,8038674;328,4757719;718,5443824;824,0510604;284,677;666,9465528;338,4581963
Abr-2021;189,2616521;711,3239587;504,8509498;710,3957182;330,3054612;724,8268915;829,4162694;286,115;672,5546778;356,2019731
Mai-2021;189,6466986;721,2832587;506,2156698;752,4653315;331,7639762;729,8286571;838,1918302;281,646;673,8947733;358,1562761
Jun-2021;191,2166247;729,2059151;507,773675;757,2157459;333,5755998;728,877915;841,7150185;275,489;675,3387907;366,1123511
Jul-2021;193,3508757;740,3689092;509,5794022;726,9747238;335,7681308;729,0859152;838,5722384;282,412;672,1376246;374,4407149
Ago-2021;192,9628933;751,234361;511,7601247;703,3154696;338,2133296;730,1885741;829,435068;274,984;668,1282417;385,2958716
Set-2021;191,1936403;764,24554;514,0220617;654,1486188;340,678129;737,502296;828,3314643;271,567;665,927493;366,9676782
Out-2021;191,1764488;777,964878;516,5201496;609,5832873;343,0053585;728,3896718;807,2571923;267,568;648,4290354;392,3412448
Nov-2021;191,6934582;789,5840373;519,5508531;599,2791437;345,2233435;746,6049957;835,2406818;257,84;660,0317412;389,0715783
Dez-2021;191,0046841;799,8450141;523,5466615;618,0878453;348,0841484;752,478453;837,1180716;280,479;672,4778507;406,0401084
Jan-2022;187,1872693;808,7110383;527,3804657;660,5283149;351,076883;753,3262006;830,972874;277,692;671,9380929;384,6884531
Fev-2022;185,0435442;821,0567685;531,3623645;670,1678177;354,3691236;761,3307088;835,4977695;274,115;675,8642681;372,6244228
Mar-2022;179,8391601;839,3007798;536,2883671;710,0935083;358,3396678;781,1831393;861,1552948;277,997;681,5718612;385,9544053
Abr-2022;172,9944652;852,5352877;540,7627543;638,2864641;362,0049747;793,3385432;868,3119639;281,306;680,7363917;352,0071221
Mai-2022;174,3107361;861,6165193;546,3574713;658,9149171;366,4656282;799,5416256;876,6906485;282,045;684,6951694;352,0258643
Jun-2022;171,6038591;872,2936953;551,9047635;582,7208564;370,6871976;802,2141886;873,501714;279,562;687,2150902;322,4838561
Jul-2022;175,9586956;871,2606355;557,6161645;608,3559392;374,8892383;802,3018548;865,8386176;281,41;695,0940371;351,8674073
Ago-2022;170,6063274;873,5015183;564,1367244;645,7683702;379,8704388;802,3060999;875,405494;297,623;709,3731834;336,9341126
Set-2022;163,5354364;875,8929456;570,1841741;645,4553867;384,8129174;805,6969941;888,3529185;299,08;719,2727552;305,4659147
Out-2022;161,4439949;885,8045008;576,0039106;681,4196133;389,4304163;821,1259012;899,3022084;299,145;725,940682;329,8614779
Nov-2022;167,5926184;894,2251813;581,883048;660,2444751;393,8593492;818,3911022;892,1719015;286,721;721,1714661;347,5924759
Dez-2022;166,1338255;904,8568045;588,4194291;642,9128453;398,7749255;826,0871447;890,4360133;286,713;731,8220167;327,0944438
Jan-2023;171,666481;915,0414967;595,0292365;665,4853591;397,8192001;837,6225998;890,4284763;282,114;737,947769;347,2934522
Fev-2023;167,0909818;927,1979609;600,492449;615,0008287;396,6061063;849,410543;901,841056;280,839;744,3101392;338,2247704
Mar-2023;171,5038283;939,5651862;607,5462766;596,1425414;399,6230926;862,3002058;925,8630738;276,096;760,2801211;350,0800804
Abr-2023;172,4904475;949,8759825;613,1244118;607,6577348;402,8928015;870,0801761;944,5685676;285,823;768,6380346;355,2060793
Mai-2023;170,5171504;957,7008825;620,0117353;629,4937845;409,0773537;875,0588142;968,4765082;301,346;785,5404059;356,0878159
Jun-2023;169,8888323;962,3453698;626,6581556;685,3084254;414,5804898;884,2574577;991,6378743;315,532;802,2225213;379,1364945
Jul-2023;169,8622939;968,9479543;633,3758254;708,0646409;420,5312124;892,8734656;999,6553621;319,718;809,3328915;390,9423932
Ago-2023;168,7892425;977,1922935;640,5805152;672,6186464;428,5030809;898,3343209;995,8932051;321,281;815,4955842;384,0162887
Set-2023;164,4190356;985,0080491;646,8127857;678,2941989;434,2194052;899,5301822;986,4752928;321,928;816,8903751;365,3072873
Out-2023;161,8371173;992,9548137;653,2652079;657,7512431;439,6723245;896,7303441;980,0065741;315,57;819,9465816;357,2779472
Nov-2023;169,2693997;1001,096301;659,2490598;739,1618785;445,0979699;912,9045164;1005,724941;317,656;840,1936555;389,1397318
Dez-2023;175,5283359;1011,850999;665,146233;779,690884;449,4634997;926,2518305;1033,389342;331,143;852,638925;406,3510589
Jan-2024;175,2630538;1022,120344;671,5761712;744,5441989;455,7012446;932,53679;1028,744471;333,351;858,320647;412,8103116
Fev-2024;172,1680957;1035,874741;676,9501789;751,709116;460,9856282;938,0694572;1034,398162;336;862,2719801;434,161115
Mar-2024;173,7222697;1043,118397;682,5802159;746,2288674;466,3666436;945,2938371;1035,202925;340,815;866,9356084;447,6282565
Abr-2024;169,417432;1053,285357;688,6375887;736,2494475;471,0962461;943,3761005;1018,489525;338,179;862,3969577;429,0001874
Mai-2024;172,2455661;1064,113293;694,3700361;712,8622928;475,6143092;953,2734797;1032,02933;338,234;868,0622816;449,6013017
Jun-2024;173,7704262;1072,089337;699,8439553;723,591989;480,6843475;957,0152945;1022,042886;334,733;865,5028203;465,1888705
Jul-2024;177,9740012;1082,829355;706,1923291;744,5632597;486,6979295;965,7621382;1043,440241;336,478;877,1045373;470,4554361
Ago-2024;180,5745448;1089,026389;712,3185658;793,6696133;492,211387;971,4596603;1048,834992;339,355;882,8624417;481,1981394
Set-2024;182,9811727;1100,002711;718,2674831;770,0856354;497,1960254;975,3718042;1041,847213;330,597;885,8979488;490,9168356
Out-2024;178,372924;1113,01463;724,9326227;758,293232;501,7291007;982,5827535;1035,07135;320,484;887,7586834;486,0583394
Nov-2024;179,0824578;-;726,7075076;747,916989;502,9495812;988,3512666;1048,513435;319,585;889,4942629;510,7716686
